cohort,cohort_size,month_n,active_customers,retention_pct
2010-12-01,882,0,882,100.0
2010-12-01,882,1,320,36.3
2010-12-01,882,2,284,32.2
2010-12-01,882,3,336,38.1
2010-12-01,882,4,315,35.7
2010-12-01,882,5,350,39.7
2010-12-01,882,6,317,35.9
2010-12-01,882,7,305,34.6
2010-12-01,882,8,311,35.3
2010-12-01,882,9,346,39.2
2010-12-01,882,10,329,37.3
2010-12-01,882,11,441,50.0
2010-12-01,882,12,232,26.3
2011-01-01,413,0,413,100.0
2011-01-01,413,1,88,21.3
2011-01-01,413,2,111,26.9
2011-01-01,413,3,96,23.2
2011-01-01,413,4,133,32.2
2011-01-01,413,5,118,28.6
2011-01-01,413,6,104,25.2
2011-01-01,413,7,99,24.0
2011-01-01,413,8,123,29.8
2011-01-01,413,9,135,32.7
2011-01-01,413,10,152,36.8
2011-01-01,413,11,49,11.9
2011-02-01,381,0,381,100.0
2011-02-01,381,1,71,18.6
2011-02-01,381,2,71,18.6
2011-02-01,381,3,108,28.3
2011-02-01,381,4,103,27.0
2011-02-01,381,5,92,24.1
2011-02-01,381,6,97,25.5
2011-02-01,381,7,102,26.8
2011-02-01,381,8,93,24.4
2011-02-01,381,9,115,30.2
2011-02-01,381,10,26,6.8
2011-03-01,450,0,450,100.0
2011-03-01,450,1,65,14.4
2011-03-01,450,2,112,24.9
2011-03-01,450,3,87,19.3
2011-03-01,450,4,101,22.4
2011-03-01,450,5,75,16.7
2011-03-01,450,6,118,26.2
2011-03-01,450,7,104,23.1
2011-03-01,450,8,125,27.8
2011-03-01,450,9,40,8.9
2011-04-01,299,0,299,100.0
2011-04-01,299,1,63,21.1
2011-04-01,299,2,61,20.4
2011-04-01,299,3,63,21.1
2011-04-01,299,4,59,19.7
2011-04-01,299,5,68,22.7
2011-04-01,299,6,63,21.1
2011-04-01,299,7,78,26.1
2011-04-01,299,8,22,7.4
2011-05-01,284,0,284,100.0
2011-05-01,284,1,55,19.4
2011-05-01,284,2,49,17.3
2011-05-01,284,3,49,17.3
2011-05-01,284,4,60,21.1
2011-05-01,284,5,65,22.9
2011-05-01,284,6,75,26.4
2011-05-01,284,7,26,9.2
2011-06-01,241,0,241,100.0
2011-06-01,241,1,42,17.4
2011-06-01,241,2,38,15.8
2011-06-01,241,3,64,26.6
2011-06-01,241,4,56,23.2
2011-06-01,241,5,78,32.4
2011-06-01,241,6,23,9.5
2011-07-01,186,0,186,100.0
2011-07-01,186,1,32,17.2
2011-07-01,186,2,38,20.4
2011-07-01,186,3,42,22.6
2011-07-01,186,4,51,27.4
2011-07-01,186,5,21,11.3
2011-08-01,170,0,170,100.0
2011-08-01,170,1,34,20.0
2011-08-01,170,2,41,24.1
2011-08-01,170,3,42,24.7
2011-08-01,170,4,21,12.4
2011-09-01,297,0,297,100.0
2011-09-01,297,1,70,23.6
2011-09-01,297,2,89,30.0
2011-09-01,297,3,34,11.4
2011-10-01,355,0,355,100.0
2011-10-01,355,1,84,23.7
2011-10-01,355,2,41,11.5
2011-11-01,323,0,323,100.0
2011-11-01,323,1,35,10.8
2011-12-01,40,0,40,100.0
