Country,revenue,customers,revenue_share_pct
United Kingdom,8227249.76,3906,84.7
Netherlands,282161.94,9,2.9
EIRE,251844.55,3,2.6
Germany,203089.88,94,2.1
France,181722.45,87,1.9
Australia,136919.9,9,1.4
Switzerland,52482.95,21,0.5
Spain,51929.22,29,0.5
Japan,37212.37,8,0.4
Belgium,36813.69,25,0.4
Sweden,34616.33,8,0.4
Norway,32179.18,10,0.3
Portugal,26831.26,19,0.3
Channel Islands,20147.54,9,0.2
Finland,18344.88,12,0.2
Denmark,18081.24,9,0.2
Italy,15457.19,14,0.2
Cyprus,12744.56,7,0.1
Hong Kong,9744.19,0,0.1
Singapore,9120.39,1,0.1
Austria,8742.68,11,0.1
Israel,8129.41,3,0.1
Poland,6884.85,6,0.1
Unspecified,4740.94,4,0.0
Greece,4425.52,4,0.0
Iceland,4310.0,1,0.0
Canada,3115.44,4,0.0
Malta,2030.79,2,0.0
United Arab Emirates,1864.78,2,0.0
USA,1730.92,2,0.0
Lebanon,1693.88,1,0.0
Lithuania,1661.06,1,0.0
European Community,1159.25,1,0.0
Brazil,1143.6,1,0.0
RSA,1002.31,1,0.0
Bahrain,754.14,2,0.0
Czech Republic,750.98,1,0.0
Saudi Arabia,145.92,1,0.0
