date,revenue,orders,customers,aov
2010-12-01,56798.19,127,95,447.23
2010-12-02,47196.82,141,98,334.73
2010-12-03,44253.6,68,50,650.79
2010-12-05,30569.99,87,75,351.38
2010-12-06,50914.25,100,81,509.14
2010-12-07,81341.86,82,65,991.97
2010-12-08,43140.48,116,99,371.9
2010-12-09,49846.94,106,90,470.25
2010-12-10,54866.07,74,53,741.43
2010-12-12,16974.2,43,41,394.75
2010-12-13,36476.72,68,57,536.42
2010-12-14,42939.46,87,70,493.56
2010-12-15,29684.17,72,65,412.28
2010-12-16,45621.62,118,96,386.62
2010-12-17,39571.58,64,49,618.31
2010-12-19,7245.57,23,17,315.02
2010-12-20,25432.76,61,41,416.93
2010-12-21,43617.46,55,23,793.04
2010-12-22,4825.87,16,13,301.62
2010-12-23,11142.44,27,15,412.68
2011-01-04,15136.21,35,33,432.46
2011-01-05,30869.22,55,45,561.26
2011-01-06,37486.62,47,42,797.59
2011-01-07,27251.77,52,44,524.07
2011-01-09,15297.96,48,48,318.71
2011-01-10,22915.94,39,32,587.59
2011-01-11,47863.85,53,43,903.09
2011-01-12,22829.2,45,42,507.32
2011-01-13,18977.7,44,41,431.31
2011-01-14,43130.96,46,36,937.63
2011-01-16,6887.54,24,22,286.98
2011-01-17,27530.67,50,44,550.61
2011-01-18,17103.28,39,29,438.55
2011-01-19,24910.3,35,33,711.72
2011-01-20,20369.95,38,30,536.05
2011-01-21,31385.9,38,31,825.94
2011-01-23,10152.4,27,27,376.01
2011-01-24,24072.35,52,42,462.93
2011-01-25,27917.95,66,56,423.0
2011-01-26,18218.07,55,48,331.24
2011-01-27,23035.52,51,49,451.68
2011-01-28,19344.02,40,36,483.6
2011-01-30,6494.56,24,22,270.61
2011-01-31,21590.51,58,48,372.25
2011-02-01,27822.56,62,57,448.75
2011-02-02,19940.99,62,54,321.63
2011-02-03,22742.61,45,43,505.39
2011-02-04,23135.69,52,41,444.92
2011-02-06,3255.4,11,11,295.95
2011-02-07,25283.02,40,34,632.08
2011-02-08,19568.61,45,37,434.86
2011-02-09,15500.58,29,22,534.5
2011-02-10,14533.04,41,39,354.46
2011-02-11,22225.38,44,33,505.12
2011-02-13,5499.58,19,19,289.45
2011-02-14,25874.33,42,36,616.06
2011-02-15,38959.21,58,47,671.71
2011-02-16,24468.68,63,56,388.39
2011-02-17,24495.39,67,49,365.6
2011-02-18,15655.4,36,31,434.87
2011-02-20,9372.8,26,26,360.49
2011-02-21,35201.04,37,31,951.38
2011-02-22,31140.75,51,46,610.6
2011-02-23,25548.96,63,49,405.54
2011-02-24,22465.38,55,52,408.46
2011-02-25,20037.01,49,42,408.92
2011-02-27,9293.66,33,31,281.63
2011-02-28,19563.38,55,49,355.7
2011-03-01,21664.71,59,51,367.2
2011-03-02,16848.82,41,38,410.95
2011-03-03,35290.15,49,46,720.21
2011-03-04,18576.24,49,38,379.11
2011-03-06,9908.77,27,24,366.99
2011-03-07,30702.89,67,48,458.25
2011-03-08,24278.95,48,41,505.81
2011-03-09,21423.22,53,47,404.21
2011-03-10,25801.63,56,46,460.74
2011-03-11,20970.17,49,39,427.96
2011-03-13,3957.49,16,16,247.34
2011-03-14,25263.63,50,41,505.27
2011-03-15,19239.22,50,40,384.78
2011-03-16,19590.12,50,45,391.8
2011-03-17,38220.81,61,50,626.57
2011-03-18,26044.79,61,47,426.96
2011-03-20,21256.84,60,56,354.28
2011-03-21,16508.72,53,47,311.49
2011-03-22,29557.2,51,39,579.55
2011-03-23,22531.68,62,54,363.41
2011-03-24,35222.25,66,61,533.67
2011-03-25,29681.3,55,44,539.66
2011-03-27,9028.87,32,31,282.15
2011-03-28,21351.97,59,52,361.9
2011-03-29,68425.46,62,46,1103.64
2011-03-30,30197.03,74,62,408.07
2011-03-31,31499.81,64,56,492.18
2011-04-01,24317.37,73,57,333.11
2011-04-03,6849.53,20,18,342.48
2011-04-04,25299.09,53,45,477.34
2011-04-05,28209.47,50,43,564.19
2011-04-06,17057.87,40,36,426.45
2011-04-07,17924.59,64,57,280.07
2011-04-08,22758.37,70,62,325.12
2011-04-10,9181.02,32,31,286.91
2011-04-11,21695.66,62,54,349.93
2011-04-12,25067.51,60,52,417.79
2011-04-13,24381.63,59,53,413.25
2011-04-14,35026.79,83,73,422.01
2011-04-15,25868.04,55,39,470.33
2011-04-17,12474.39,42,39,297.01
2011-04-18,35962.17,67,55,536.75
2011-04-19,22978.84,57,50,403.14
2011-04-20,28082.33,61,56,460.37
2011-04-21,30871.83,76,63,406.21
2011-04-26,29349.33,71,55,413.37
2011-04-27,23440.36,63,54,372.07
2011-04-28,21487.23,58,49,370.47
2011-05-01,6745.96,18,18,374.78
2011-05-03,25481.13,64,49,398.14
2011-05-04,26711.86,64,54,417.37
2011-05-05,28274.5,87,74,324.99
2011-05-06,34581.99,77,60,449.12
2011-05-08,18369.6,63,58,291.58
2011-05-09,26894.41,71,59,378.79
2011-05-10,42515.09,92,60,462.12
2011-05-11,32460.59,76,55,427.11
2011-05-12,59975.17,84,68,713.99
2011-05-13,30140.25,71,52,424.51
2011-05-15,9521.99,30,28,317.4
2011-05-16,38706.04,66,50,586.46
2011-05-17,52427.29,78,54,672.14
2011-05-18,32895.17,72,61,456.88
2011-05-19,34239.46,98,82,349.38
2011-05-20,25543.62,70,57,364.91
2011-05-22,23710.3,61,57,388.69
2011-05-23,30209.4,64,54,472.02
2011-05-24,36630.97,68,53,538.69
2011-05-25,23527.27,65,52,361.96
2011-05-26,32682.17,62,50,527.13
2011-05-27,27356.95,64,49,427.45
2011-05-29,7033.67,23,20,305.81
2011-05-31,21525.86,53,47,406.15
2011-06-01,19612.4,41,34,478.35
2011-06-02,31502.84,51,33,617.7
2011-06-03,16393.17,43,36,381.24
2011-06-05,24701.04,66,62,374.26
2011-06-06,16603.52,53,51,313.27
2011-06-07,36140.2,75,66,481.87
2011-06-08,39561.42,97,70,407.85
2011-06-09,44312.71,85,76,521.33
2011-06-10,22115.28,48,41,460.73
2011-06-12,11425.84,39,38,292.97
2011-06-13,21319.98,59,49,361.36
2011-06-14,39664.24,56,41,708.29
2011-06-15,47362.38,59,42,802.75
2011-06-16,33201.05,80,71,415.01
2011-06-17,20735.65,51,34,406.58
2011-06-19,21925.52,60,57,365.43
2011-06-20,32222.65,72,48,447.54
2011-06-21,23836.22,53,43,449.74
2011-06-22,20466.81,58,54,352.88
2011-06-23,24503.59,71,64,345.12
2011-06-24,18445.61,50,40,368.91
2011-06-26,6795.01,25,23,271.8
2011-06-27,15694.24,45,31,348.76
2011-06-28,34199.14,53,40,645.27
2011-06-29,21057.23,42,36,501.36
2011-06-30,40872.25,68,54,601.06
2011-07-01,12883.26,47,34,274.11
2011-07-03,5930.33,25,24,237.21
2011-07-04,42032.6,50,30,840.65
2011-07-05,37879.91,73,58,518.9
2011-07-06,25396.97,70,61,362.81
2011-07-07,31423.28,75,66,418.98
2011-07-08,25143.19,64,42,392.86
2011-07-10,5721.94,24,20,238.41
2011-07-11,21867.37,52,43,420.53
2011-07-12,25028.76,52,40,481.32
2011-07-13,21657.94,57,48,379.96
2011-07-14,32072.05,70,61,458.17
2011-07-15,13545.91,39,32,347.33
2011-07-17,17041.76,51,45,334.15
2011-07-18,27800.62,57,44,487.73
2011-07-19,49117.57,63,55,779.64
2011-07-20,30367.74,55,45,552.14
2011-07-21,31499.8,76,59,414.47
2011-07-22,19343.25,43,34,449.84
2011-07-24,25970.03,57,52,455.61
2011-07-25,25283.04,58,49,435.91
2011-07-26,21155.47,51,43,414.81
2011-07-27,24842.69,48,39,517.56
2011-07-28,50822.95,77,66,660.04
2011-07-29,18216.17,64,57,284.63
2011-07-31,32249.21,41,36,786.57
2011-08-01,20797.76,39,34,533.28
2011-08-02,25970.18,44,39,590.23
2011-08-03,27720.5,63,58,440.01
2011-08-04,58883.57,80,74,736.04
2011-08-05,20434.6,55,47,371.54
2011-08-07,7434.89,29,28,256.38
2011-08-08,22623.39,39,37,580.09
2011-08-09,27248.13,40,37,681.2
2011-08-10,27638.31,49,42,564.05
2011-08-11,64080.3,67,57,956.42
2011-08-12,20372.96,50,40,407.46
2011-08-14,5417.83,24,20,225.74
2011-08-15,17107.34,48,46,356.4
2011-08-16,18958.41,51,43,371.73
2011-08-17,49688.48,54,45,920.16
2011-08-18,53440.4,68,63,785.89
2011-08-19,16718.42,54,53,309.6
2011-08-21,14161.47,39,36,363.11
2011-08-22,29166.16,65,57,448.71
2011-08-23,24954.42,58,53,430.25
2011-08-24,45197.64,76,59,594.71
2011-08-25,22686.95,73,68,310.78
2011-08-26,25024.71,45,40,556.1
2011-08-28,10658.83,37,36,288.08
2011-08-30,29199.47,40,23,729.99
2011-08-31,23559.82,43,37,547.9
2011-09-01,36294.79,75,68,483.93
2011-09-02,39896.93,73,57,546.53
2011-09-04,16025.67,49,44,327.05
2011-09-05,36038.74,68,57,529.98
2011-09-06,27397.55,59,50,464.37
2011-09-07,30825.25,51,41,604.42
2011-09-08,26455.4,75,62,352.74
2011-09-09,29491.0,60,51,491.52
2011-09-11,34242.2,74,67,462.73
2011-09-12,29168.61,67,61,435.35
2011-09-13,53985.24,67,61,805.75
2011-09-14,23215.48,68,58,341.4
2011-09-15,73494.47,79,66,930.31
2011-09-16,26925.06,49,43,549.49
2011-09-18,15159.28,27,25,561.45
2011-09-19,44916.64,67,61,670.4
2011-09-20,102553.86,69,53,1486.29
2011-09-21,44935.35,74,64,607.23
2011-09-22,58242.16,109,92,534.33
2011-09-23,38050.75,64,56,594.54
2011-09-25,30860.73,75,74,411.48
2011-09-26,28333.88,65,61,435.91
2011-09-27,34884.32,79,67,441.57
2011-09-28,41834.7,83,71,504.03
2011-09-29,45569.96,103,92,442.43
2011-09-30,42980.34,72,60,596.95
2011-10-02,11280.41,35,32,322.3
2011-10-03,57929.53,64,46,905.15
2011-10-04,47147.38,80,64,589.34
2011-10-05,73277.98,95,82,771.35
2011-10-06,58628.83,119,98,492.68
2011-10-07,38691.98,82,72,471.85
2011-10-09,12245.35,39,35,313.98
2011-10-10,43699.49,96,81,455.2
2011-10-11,41618.77,79,67,526.82
2011-10-12,30241.56,82,69,368.8
2011-10-13,35529.64,76,67,467.5
2011-10-14,31460.08,70,58,449.43
2011-10-16,20925.3,33,31,634.1
2011-10-17,48179.45,87,75,553.79
2011-10-18,43935.14,83,72,529.34
2011-10-19,34307.6,81,68,423.55
2011-10-20,60421.36,87,75,694.5
2011-10-21,62796.49,64,56,981.2
2011-10-23,12029.53,41,39,293.4
2011-10-24,35067.51,68,58,515.7
2011-10-25,39657.76,75,64,528.77
2011-10-26,35717.33,91,74,392.5
2011-10-27,47483.78,102,89,465.53
2011-10-28,39501.29,76,59,519.75
2011-10-30,33387.81,94,87,355.19
2011-10-31,52304.95,69,60,758.04
2011-11-01,28340.77,76,73,372.9
2011-11-02,44104.43,84,78,525.05
2011-11-03,60908.3,101,85,603.05
2011-11-04,61600.63,92,71,669.57
2011-11-06,41732.1,102,88,409.14
2011-11-07,84021.04,92,80,913.27
2011-11-08,54405.14,107,94,508.46
2011-11-09,59957.12,117,100,512.45
2011-11-10,68479.72,127,111,539.21
2011-11-11,52103.04,100,85,521.03
2011-11-13,31442.87,86,74,365.61
2011-11-14,109008.38,103,90,1058.33
2011-11-15,56724.73,106,92,535.14
2011-11-16,61976.34,129,110,480.44
2011-11-17,58331.69,135,124,432.09
2011-11-18,49131.81,106,96,463.51
2011-11-20,32896.67,100,91,328.97
2011-11-21,48323.86,99,84,488.12
2011-11-22,61439.25,134,120,458.5
2011-11-23,74604.97,128,106,582.85
2011-11-24,44893.24,110,97,408.12
2011-11-25,46767.65,83,69,563.47
2011-11-27,20176.02,57,51,353.97
2011-11-28,53286.43,111,94,480.06
2011-11-29,67905.12,135,109,503.0
2011-11-30,55995.56,107,91,523.32
2011-12-01,50259.83,121,111,415.37
2011-12-02,55292.75,116,93,476.66
2011-12-04,24199.17,66,58,366.65
2011-12-05,79642.14,125,104,637.14
2011-12-06,54813.2,113,102,485.07
2011-12-07,71614.15,104,92,688.6
2011-12-08,77362.51,120,105,644.69
2011-12-09,29583.09,43,34,687.98
