fold,date,actual,seasonal_naive,sarima,prophet,ensemble
0,2011-10-16,20925.3,12245.35,18257.35147004188,18888.22598009109,18572.788725066486
0,2011-10-17,48179.45,43699.49,40902.093334045894,46082.29969785584,43492.19651595087
0,2011-10-18,43935.14,41618.77,42158.81079454812,54292.95790618391,48225.88435036602
0,2011-10-19,34307.6,30241.56,39059.77394485489,44888.75582062666,41974.264882740776
0,2011-10-20,60421.36,35529.64,41907.08578108716,56373.457269180035,49140.2715251336
0,2011-10-21,62796.49,31460.08,35393.43319097184,43152.531159197715,39272.98217508478
1,2011-10-23,12029.53,20925.3,23570.03730963916,20110.99994125034,21840.518625444747
1,2011-10-24,35067.51,48179.45,45587.47418867239,49021.5302794161,47304.50223404425
1,2011-10-25,39657.76,43935.14,44743.3003146523,57498.11524899625,51120.70778182427
1,2011-10-26,35717.33,34307.6,39399.40687689668,47446.53291143774,43422.96989416721
1,2011-10-27,47483.78,60421.36,49854.06614200776,60041.65876908496,54947.86245554636
1,2011-10-28,39501.29,62796.49,46172.369395465365,46289.11316818962,46230.74128182749
2,2011-10-30,33387.81,12029.53,18380.908178390488,19147.574523583287,18764.241350986886
2,2011-10-31,52304.95,35067.51,39288.807921210035,46804.69739571077,43046.752658460406
2,2011-11-01,28340.77,39657.76,40757.67437716379,54804.00196178706,47780.83816947542
2,2011-11-02,44104.43,35717.33,36719.95792252099,45229.56228435794,40974.76010343946
2,2011-11-03,60908.3,47483.78,46001.34133313219,57217.33311879021,51609.3372259612
2,2011-11-04,61600.63,39501.29,41375.827823160325,44097.316542196946,42736.57218267863
3,2011-11-06,41732.1,33387.81,27311.432524097927,20548.96294003986,23930.197732068893
3,2011-11-07,84021.04,52304.95,46061.03662442167,49738.18562071103,47899.61112256635
3,2011-11-08,54405.14,28340.77,37920.27110387657,57351.95207613001,47636.11159000329
3,2011-11-09,59957.12,44104.43,41780.88699499013,47995.13109811608,44888.0090465531
3,2011-11-10,68479.72,60908.3,52579.50963788548,60841.11334724983,56710.31149256766
3,2011-11-11,52103.04,61600.63,49906.623251316996,47124.4614356689,48515.54234349295
4,2011-11-13,31442.87,41732.1,36520.863450589786,23466.384120182687,29993.623785386237
4,2011-11-14,109008.38,84021.04,62602.30235302957,56620.61373658531,59611.45804480744
4,2011-11-15,56724.73,54405.14,48726.167873711296,64478.8457350725,56602.5068043919
4,2011-11-16,61976.34,59957.12,53044.57203818556,54375.411655383905,53709.99184678473
4,2011-11-17,58331.69,68479.72,62761.08466020125,68823.8579323565,65792.47129627888
4,2011-11-18,49131.81,52103.04,55570.03591827065,53386.85118798738,54478.443553129015
5,2011-11-20,32896.67,31442.87,37942.75492177489,25608.285964973755,31775.52044337432
5,2011-11-21,48323.86,109008.38,78712.45941948793,62326.61866993365,70519.5390447108
5,2011-11-22,61439.25,56724.73,54958.57898107167,69798.56685913583,62378.57292010375
5,2011-11-23,74604.97,61976.34,59316.97238095793,59201.42455840507,59259.198469681505
5,2011-11-24,44893.24,58331.69,63603.449306772505,74534.27662437345,69068.86296557297
5,2011-11-25,46767.65,49131.81,56143.322692050155,57912.749985902854,57028.036338976504
6,2011-11-27,20176.02,32896.67,37492.5545486894,26228.028855248846,31860.291701969123
6,2011-11-28,53286.43,48323.86,63371.187114651555,63127.86003917638,63249.52357691397
6,2011-11-29,67905.12,61439.25,56889.52365165876,70891.01399348803,63890.268822573395
6,2011-11-30,55995.56,74604.97,63324.40828675979,60462.75227898884,61893.58028287432
6,2011-12-01,50259.83,44893.24,55209.948221679544,75031.83374157351,65120.89098162653
6,2011-12-02,55292.75,46767.65,52400.718346461545,58516.88854197722,55458.80344421938
7,2011-12-04,24199.17,20176.02,31817.305790426304,25946.182629515188,28881.744209970748
7,2011-12-05,79642.14,53286.43,58165.924593161304,62505.92114057168,60335.92286686649
7,2011-12-06,54813.2,67905.12,59521.74323772954,70268.80724693547,64895.2752423325
7,2011-12-07,71614.15,55995.56,59013.154325216216,59849.13662040513,59431.14547281068
7,2011-12-08,77362.51,50259.83,52837.966521403636,73729.38383668897,63283.6751790463
7,2011-12-09,29583.09,55292.75,53068.5706549584,57870.35682909631,55469.46374202735
