month,revenue,orders,customers,aov,mom_growth_pct
2010-12-01,762460.05,1535,882,496.72,
2011-01-01,560772.45,1061,733,528.53,-26.5
2011-02-01,501583.45,1085,753,462.29,-10.6
2011-03-01,673042.74,1424,968,472.64,34.2
2011-04-01,488283.42,1216,846,401.55,-27.5
2011-05-01,728160.71,1641,1050,443.73,49.1
2011-06-01,684669.99,1500,982,456.45,-6.0
2011-07-01,674293.81,1439,942,468.58,-1.5
2011-08-01,709144.94,1330,930,533.19,5.2
2011-09-01,1011778.36,1801,1250,561.79,42.7
2011-10-01,1047466.3,1968,1353,532.25,3.5
2011-11-01,1428556.88,2727,1653,523.86,36.4
2011-12-01,442766.84,808,610,547.98,-69.0
